{
  "name": "[PL] Earliest event of Atrial Fibrillation",
  "id": 12400,
  "edit_url": "https://epi.jnj.com/atlas/#/cohortdefinition/12400",
  "clinical_description": "Atrial fibrillation (AF) is the most common cardiac arrhythmia, characterized by rapid and irregular beating of the atrial chambers of the heart.  If not treated properly, patients with AF may have 5-fold increased risk of stroke compared to those without AF.  There are many possible causes of AF, and valvular heart diseases could be one of the causes.  Non-valvular AF (NVAF) refers to a type of AF that isn’t caused by heart value problems.",
  "evaluation_summary": "We developed an incident cohort definition for AF using a concept set of 1 concept which incorporated all those found from the literature review, the analysis of PHOEBE, and orphan concepts in cohort diagnostics. The algorithm retrieves subjects from 11 databases tested. We also developed a more specific cohort requiring at least one additional diagnosis code for AF within 1 year of the index date, given the possibility of the single-code incident cohort including some rule-out diagnoses relating to other arrhythmias. Using the more specific cohort only slightly improves the specificity and PPV of the algorithm albeit at the expense of sensitivity as determined by PheValuator. It should be noted that there is a drastic reduction in sensitivity (16-53%) when using the more specific cohort. Furthermore, the very high sensitivity values while maintaining relatively high PPV and specificity using the single-code incident cohort outperform several of the more specific AF definitions in the literature review, which supports its use even further. In the end, the indication phenotype team considered the single-code incident cohort definition using one AF diagnosis code to have sufficient performance for the ASSURE platform",
  "human_readable_algorithm": "### Cohort Entry Events\r\n\r\nPeople enter the cohort when observing any of the following:\r\n\r\n1. condition occurrence of '[ASSURE] Atrial fibrillation' for the first time in the person's history.\r\n\r\nLimit cohort entry events to the earliest event per person.\r\n\r\n### Cohort Exit\r\n\r\nThe person exits the cohort at the end of continuous observation.\r\n\r\n### Cohort Eras\r\n\r\nRemaining events will be combined into cohort eras if they are within 0 days of each other.\r\n\r\n",
  "concept_sets": [
    {
      "id": 3,
      "name": "[ASSURE] Atrial fibrillation",
      "expression": {
        "items": [
          {
            "concept": {
              "CONCEPT_ID": 313217,
              "CONCEPT_NAME": "Atrial fibrillation",
              "STANDARD_CONCEPT": "S",
              "STANDARD_CONCEPT_CAPTION": "Standard",
              "INVALID_REASON": "V",
              "INVALID_REASON_CAPTION": "Valid",
              "CONCEPT_CODE": "49436004",
              "DOMAIN_ID": "Condition",
              "VOCABULARY_ID": "SNOMED",
              "CONCEPT_CLASS_ID": "Clinical Finding"
            },
            "isExcluded": false,
            "includeDescendants": true,
            "includeMapped": false
          }
        ]
      },
      "resolvedConcepts": [
        {
          "conceptId": 313217,
          "conceptName": "Atrial fibrillation",
          "standardConcept": "S",
          "standardConceptCaption": "Standard",
          "invalidReason": "V",
          "invalidReasonCaption": "Valid",
          "conceptCode": "49436004",
          "domainId": "Condition",
          "vocabularyId": "SNOMED",
          "conceptClassId": "Disorder",
          "validStartDate": 1012435200000,
          "validEndDate": 4102358400000
        },
        {
          "conceptId": 37171038,
          "conceptName": "Atrial fibrillation due to heart valve disorder",
          "standardConcept": "S",
          "standardConceptCaption": "Standard",
          "invalidReason": "V",
          "invalidReasonCaption": "Valid",
          "conceptCode": "313377641000119105",
          "domainId": "Condition",
          "vocabularyId": "SNOMED",
          "conceptClassId": "Disorder",
          "validStartDate": 1688083200000,
          "validEndDate": 4102358400000
        },
        {
          "conceptId": 44782442,
          "conceptName": "Atrial fibrillation with rapid ventricular response",
          "standardConcept": "S",
          "standardConceptCaption": "Standard",
          "invalidReason": "V",
          "invalidReasonCaption": "Valid",
          "conceptCode": "120041000119109",
          "domainId": "Condition",
          "vocabularyId": "SNOMED",
          "conceptClassId": "Disorder",
          "validStartDate": 1391126400000,
          "validEndDate": 4102358400000
        },
        {
          "conceptId": 4141360,
          "conceptName": "Chronic atrial fibrillation",
          "standardConcept": "S",
          "standardConceptCaption": "Standard",
          "invalidReason": "V",
          "invalidReasonCaption": "Valid",
          "conceptCode": "426749004",
          "domainId": "Condition",
          "vocabularyId": "SNOMED",
          "conceptClassId": "Disorder",
          "validStartDate": 1185840000000,
          "validEndDate": 4102358400000
        },
        {
          "conceptId": 4117112,
          "conceptName": "Controlled atrial fibrillation",
          "standardConcept": "S",
          "standardConceptCaption": "Standard",
          "invalidReason": "V",
          "invalidReasonCaption": "Valid",
          "conceptCode": "300996004",
          "domainId": "Condition",
          "vocabularyId": "SNOMED",
          "conceptClassId": "Disorder",
          "validStartDate": 1012435200000,
          "validEndDate": 4102358400000
        },
        {
          "conceptId": 1340258,
          "conceptName": "Exacerbation of atrial fibrillation",
          "standardConcept": "S",
          "standardConceptCaption": "Standard",
          "invalidReason": "V",
          "invalidReasonCaption": "Valid",
          "conceptCode": "OMOP5165913",
          "domainId": "Condition",
          "vocabularyId": "OMOP Extension",
          "conceptClassId": "Disorder",
          "validStartDate": 1651795200000,
          "validEndDate": 4102358400000
        },
        {
          "conceptId": 37395821,
          "conceptName": "Familial atrial fibrillation",
          "standardConcept": "S",
          "standardConceptCaption": "Standard",
          "invalidReason": "V",
          "invalidReasonCaption": "Valid",
          "conceptCode": "715395008",
          "domainId": "Condition",
          "vocabularyId": "SNOMED",
          "conceptClassId": "Disorder",
          "validStartDate": 1469923200000,
          "validEndDate": 4102358400000
        },
        {
          "conceptId": 4119601,
          "conceptName": "Lone atrial fibrillation",
          "standardConcept": "S",
          "standardConceptCaption": "Standard",
          "invalidReason": "V",
          "invalidReasonCaption": "Valid",
          "conceptCode": "233910005",
          "domainId": "Condition",
          "vocabularyId": "SNOMED",
          "conceptClassId": "Disorder",
          "validStartDate": 1012435200000,
          "validEndDate": 4102358400000
        },
        {
          "conceptId": 45768480,
          "conceptName": "Longstanding persistent atrial fibrillation",
          "standardConcept": "S",
          "standardConceptCaption": "Standard",
          "invalidReason": "V",
          "invalidReasonCaption": "Valid",
          "conceptCode": "706923002",
          "domainId": "Condition",
          "vocabularyId": "SNOMED",
          "conceptClassId": "Disorder",
          "validStartDate": 1422662400000,
          "validEndDate": 4102358400000
        },
        {
          "conceptId": 4119602,
          "conceptName": "Non-rheumatic atrial fibrillation",
          "standardConcept": "S",
          "standardConceptCaption": "Standard",
          "invalidReason": "V",
          "invalidReasonCaption": "Valid",
          "conceptCode": "233911009",
          "domainId": "Condition",
          "vocabularyId": "SNOMED",
          "conceptClassId": "Disorder",
          "validStartDate": 1012435200000,
          "validEndDate": 4102358400000
        },
        {
          "conceptId": 4154290,
          "conceptName": "Paroxysmal atrial fibrillation",
          "standardConcept": "S",
          "standardConceptCaption": "Standard",
          "invalidReason": "V",
          "invalidReasonCaption": "Valid",
          "conceptCode": "282825002",
          "domainId": "Condition",
          "vocabularyId": "SNOMED",
          "conceptClassId": "Disorder",
          "validStartDate": 1012435200000,
          "validEndDate": 4102358400000
        },
        {
          "conceptId": 37172212,
          "conceptName": "Paroxysmal atrial fibrillation due to heart valve disorder",
          "standardConcept": "S",
          "standardConceptCaption": "Standard",
          "invalidReason": "V",
          "invalidReasonCaption": "Valid",
          "conceptCode": "467643831000119105",
          "domainId": "Condition",
          "vocabularyId": "SNOMED",
          "conceptClassId": "Disorder",
          "validStartDate": 1688083200000,
          "validEndDate": 4102358400000
        },
        {
          "conceptId": 605092,
          "conceptName": "Paroxysmal atrial fibrillation with rapid ventricular response",
          "standardConcept": "S",
          "standardConceptCaption": "Standard",
          "invalidReason": "V",
          "invalidReasonCaption": "Valid",
          "conceptCode": "1010405004",
          "domainId": "Condition",
          "vocabularyId": "SNOMED",
          "conceptClassId": "Disorder",
          "validStartDate": 1612051200000,
          "validEndDate": 4102358400000
        },
        {
          "conceptId": 4232691,
          "conceptName": "Permanent atrial fibrillation",
          "standardConcept": "S",
          "standardConceptCaption": "Standard",
          "invalidReason": "V",
          "invalidReasonCaption": "Valid",
          "conceptCode": "440028005",
          "domainId": "Condition",
          "vocabularyId": "SNOMED",
          "conceptClassId": "Disorder",
          "validStartDate": 1233360000000,
          "validEndDate": 4102358400000
        },
        {
          "conceptId": 37170582,
          "conceptName": "Permanent atrial fibrillation due to heart valve disorder",
          "standardConcept": "S",
          "standardConceptCaption": "Standard",
          "invalidReason": "V",
          "invalidReasonCaption": "Valid",
          "conceptCode": "280797561000119107",
          "domainId": "Condition",
          "vocabularyId": "SNOMED",
          "conceptClassId": "Disorder",
          "validStartDate": 1688083200000,
          "validEndDate": 4102358400000
        },
        {
          "conceptId": 4232697,
          "conceptName": "Persistent atrial fibrillation",
          "standardConcept": "S",
          "standardConceptCaption": "Standard",
          "invalidReason": "V",
          "invalidReasonCaption": "Valid",
          "conceptCode": "440059007",
          "domainId": "Condition",
          "vocabularyId": "SNOMED",
          "conceptClassId": "Disorder",
          "validStartDate": 1233360000000,
          "validEndDate": 4102358400000
        },
        {
          "conceptId": 37172244,
          "conceptName": "Persistent atrial fibrillation due to heart valve disorder",
          "standardConcept": "S",
          "standardConceptCaption": "Standard",
          "invalidReason": "V",
          "invalidReasonCaption": "Valid",
          "conceptCode": "489609371000119104",
          "domainId": "Condition",
          "vocabularyId": "SNOMED",
          "conceptClassId": "Disorder",
          "validStartDate": 1688083200000,
          "validEndDate": 4102358400000
        },
        {
          "conceptId": 42539346,
          "conceptName": "Preexcited atrial fibrillation",
          "standardConcept": "S",
          "standardConceptCaption": "Standard",
          "invalidReason": "V",
          "invalidReasonCaption": "Valid",
          "conceptCode": "762247006",
          "domainId": "Condition",
          "vocabularyId": "SNOMED",
          "conceptClassId": "Disorder",
          "validStartDate": 1517356800000,
          "validEndDate": 4102358400000
        },
        {
          "conceptId": 4199501,
          "conceptName": "Rapid atrial fibrillation",
          "standardConcept": "S",
          "standardConceptCaption": "Standard",
          "invalidReason": "V",
          "invalidReasonCaption": "Valid",
          "conceptCode": "314208002",
          "domainId": "Condition",
          "vocabularyId": "SNOMED",
          "conceptClassId": "Disorder",
          "validStartDate": 1012435200000,
          "validEndDate": 4102358400000
        }
      ],
      "sourceConcepts": [
        {
          "conceptId": 4232691,
          "conceptName": "Permanent atrial fibrillation",
          "standardConcept": "S",
          "standardConceptCaption": "Standard",
          "invalidReason": "V",
          "invalidReasonCaption": "Valid",
          "conceptCode": "440028005",
          "domainId": "Condition",
          "vocabularyId": "SNOMED",
          "conceptClassId": "Disorder",
          "validStartDate": 1233360000000,
          "validEndDate": 4102358400000
        },
        {
          "conceptId": 1569171,
          "conceptName": "Chronic atrial fibrillation",
          "standardConcept": "N",
          "standardConceptCaption": "Non-Standard",
          "invalidReason": "V",
          "invalidReasonCaption": "Valid",
          "conceptCode": "I48.2",
          "domainId": "Condition",
          "vocabularyId": "ICD10CM",
          "conceptClassId": "4-char nonbill code",
          "validStartDate": 1325376000000,
          "validEndDate": 4102358400000
        },
        {
          "conceptId": 3522345,
          "conceptName": "Non-rheumatic atrial fibrillation",
          "standardConcept": "N",
          "standardConceptCaption": "Non-Standard",
          "invalidReason": "U",
          "invalidReasonCaption": "Invalid",
          "conceptCode": "41241000000105",
          "domainId": "Observation",
          "vocabularyId": "SNOMED",
          "conceptClassId": "Undefined",
          "validStartDate": 1075507200000,
          "validEndDate": 1075507200000
        },
        {
          "conceptId": 45466877,
          "conceptName": "Persistent atrial fibrillation",
          "standardConcept": "N",
          "standardConceptCaption": "Non-Standard",
          "invalidReason": "V",
          "invalidReasonCaption": "Valid",
          "conceptCode": "G573500",
          "domainId": "Condition",
          "vocabularyId": "Read",
          "conceptClassId": "Read",
          "validStartDate": 0,
          "validEndDate": 4102358400000
        },
        {
          "conceptId": 45611600,
          "conceptName": "Atrial Fibrillation",
          "standardConcept": "N",
          "standardConceptCaption": "Non-Standard",
          "invalidReason": "V",
          "invalidReasonCaption": "Valid",
          "conceptCode": "D001281",
          "domainId": "Condition",
          "vocabularyId": "MeSH",
          "conceptClassId": "Main Heading",
          "validStartDate": 0,
          "validEndDate": 4102358400000
        },
        {
          "conceptId": 3522489,
          "conceptName": "Non-rheumatic atrial fibrillation",
          "standardConcept": "N",
          "standardConceptCaption": "Non-Standard",
          "invalidReason": "U",
          "invalidReasonCaption": "Invalid",
          "conceptCode": "44021000000105",
          "domainId": "Observation",
          "vocabularyId": "SNOMED",
          "conceptClassId": "Undefined",
          "validStartDate": 1075507200000,
          "validEndDate": 1075507200000
        },
        {
          "conceptId": 37172244,
          "conceptName": "Persistent atrial fibrillation due to heart valve disorder",
          "standardConcept": "S",
          "standardConceptCaption": "Standard",
          "invalidReason": "V",
          "invalidReasonCaption": "Valid",
          "conceptCode": "489609371000119104",
          "domainId": "Condition",
          "vocabularyId": "SNOMED",
          "conceptClassId": "Disorder",
          "validStartDate": 1688083200000,
          "validEndDate": 4102358400000
        },
        {
          "conceptId": 3528478,
          "conceptName": "Persistent atrial fibrillation",
          "standardConcept": "N",
          "standardConceptCaption": "Non-Standard",
          "invalidReason": "U",
          "invalidReasonCaption": "Invalid",
          "conceptCode": "368891000000103",
          "domainId": "Observation",
          "vocabularyId": "SNOMED",
          "conceptClassId": "Undefined",
          "validStartDate": 1222819200000,
          "validEndDate": 1222819200000
        },
        {
          "conceptId": 1553752,
          "conceptName": "Other persistent atrial fibrillation",
          "standardConcept": "N",
          "standardConceptCaption": "Non-Standard",
          "invalidReason": "V",
          "invalidReasonCaption": "Valid",
          "conceptCode": "I48.19",
          "domainId": "Condition",
          "vocabularyId": "ICD10CM",
          "conceptClassId": "5-char billing code",
          "validStartDate": 1577836800000,
          "validEndDate": 4102358400000
        },
        {
          "conceptId": 35825516,
          "conceptName": "atrial fibrillation",
          "standardConcept": "N",
          "standardConceptCaption": "Non-Standard",
          "invalidReason": "V",
          "invalidReasonCaption": "Valid",
          "conceptCode": "6-1471",
          "domainId": "Observation",
          "vocabularyId": "UK Biobank",
          "conceptClassId": "Value",
          "validStartDate": 1326326400000,
          "validEndDate": 4102358400000
        },
        {
          "conceptId": 45768480,
          "conceptName": "Longstanding persistent atrial fibrillation",
          "standardConcept": "S",
          "standardConceptCaption": "Standard",
          "invalidReason": "V",
          "invalidReasonCaption": "Valid",
          "conceptCode": "706923002",
          "domainId": "Condition",
          "vocabularyId": "SNOMED",
          "conceptClassId": "Disorder",
          "validStartDate": 1422662400000,
          "validEndDate": 4102358400000
        },
        {
          "conceptId": 35226612,
          "conceptName": "Auricular fibrillation",
          "standardConcept": "C",
          "standardConceptCaption": "Classification",
          "invalidReason": "V",
          "invalidReasonCaption": "Valid",
          "conceptCode": "10003796",
          "domainId": "Condition",
          "vocabularyId": "MedDRA",
          "conceptClassId": "LLT",
          "validStartDate": 0,
          "validEndDate": 4102358400000
        },
        {
          "conceptId": 35207784,
          "conceptName": "Paroxysmal atrial fibrillation",
          "standardConcept": "N",
          "standardConceptCaption": "Non-Standard",
          "invalidReason": "V",
          "invalidReasonCaption": "Valid",
          "conceptCode": "I48.0",
          "domainId": "Condition",
          "vocabularyId": "ICD10CM",
          "conceptClassId": "4-char billing code",
          "validStartDate": 1167609600000,
          "validEndDate": 4102358400000
        },
        {
          "conceptId": 45523386,
          "conceptName": "Paroxysmal atrial fibrillation",
          "standardConcept": "N",
          "standardConceptCaption": "Non-Standard",
          "invalidReason": "V",
          "invalidReasonCaption": "Valid",
          "conceptCode": "G573200",
          "domainId": "Condition",
          "vocabularyId": "Read",
          "conceptClassId": "Read",
          "validStartDate": 0,
          "validEndDate": 4102358400000
        },
        {
          "conceptId": 37178631,
          "conceptName": "Familial atrial fibrillation",
          "standardConcept": "C",
          "standardConceptCaption": "Classification",
          "invalidReason": "V",
          "invalidReasonCaption": "Valid",
          "conceptCode": "10088317",
          "domainId": "Condition",
          "vocabularyId": "MedDRA",
          "conceptClassId": "PT",
          "validStartDate": 1693526400000,
          "validEndDate": 4102358400000
        },
        {
          "conceptId": 37170582,
          "conceptName": "Permanent atrial fibrillation due to heart valve disorder",
          "standardConcept": "S",
          "standardConceptCaption": "Standard",
          "invalidReason": "V",
          "invalidReasonCaption": "Valid",
          "conceptCode": "280797561000119107",
          "domainId": "Condition",
          "vocabularyId": "SNOMED",
          "conceptClassId": "Disorder",
          "validStartDate": 1688083200000,
          "validEndDate": 4102358400000
        },
        {
          "conceptId": 3519154,
          "conceptName": "Chronic atrial fibrillation",
          "standardConcept": "N",
          "standardConceptCaption": "Non-Standard",
          "invalidReason": "U",
          "invalidReasonCaption": "Invalid",
          "conceptCode": "1032701000000106",
          "domainId": "Condition",
          "vocabularyId": "SNOMED",
          "conceptClassId": "Disorder",
          "validStartDate": 1459468800000,
          "validEndDate": 1459468800000
        },
        {
          "conceptId": 42890785,
          "conceptName": "Permanent atrial fibrillation",
          "standardConcept": "C",
          "standardConceptCaption": "Classification",
          "invalidReason": "V",
          "invalidReasonCaption": "Valid",
          "conceptCode": "10071668",
          "domainId": "Condition",
          "vocabularyId": "MedDRA",
          "conceptClassId": "LLT",
          "validStartDate": 1348704000000,
          "validEndDate": 4102358400000
        },
        {
          "conceptId": 35226621,
          "conceptName": "Recurrent atrial fibrillation",
          "standardConcept": "C",
          "standardConceptCaption": "Classification",
          "invalidReason": "V",
          "invalidReasonCaption": "Valid",
          "conceptCode": "10066582",
          "domainId": "Condition",
          "vocabularyId": "MedDRA",
          "conceptClassId": "LLT",
          "validStartDate": 0,
          "validEndDate": 4102358400000
        },
        {
          "conceptId": 45500085,
          "conceptName": "Atrial fibrillation",
          "standardConcept": "N",
          "standardConceptCaption": "Non-Standard",
          "invalidReason": "V",
          "invalidReasonCaption": "Valid",
          "conceptCode": "G573000",
          "domainId": "Condition",
          "vocabularyId": "Read",
          "conceptClassId": "Read",
          "validStartDate": 0,
          "validEndDate": 4102358400000
        },
        {
          "conceptId": 35226605,
          "conceptName": "AFib",
          "standardConcept": "C",
          "standardConceptCaption": "Classification",
          "invalidReason": "V",
          "invalidReasonCaption": "Valid",
          "conceptCode": "10001452",
          "domainId": "Condition",
          "vocabularyId": "MedDRA",
          "conceptClassId": "LLT",
          "validStartDate": 0,
          "validEndDate": 4102358400000
        },
        {
          "conceptId": 35226577,
          "conceptName": "Tachyarrhythmia absoluta",
          "standardConcept": "C",
          "standardConceptCaption": "Classification",
          "invalidReason": "V",
          "invalidReasonCaption": "Valid",
          "conceptCode": "10051363",
          "domainId": "Condition",
          "vocabularyId": "MedDRA",
          "conceptClassId": "LLT",
          "validStartDate": 0,
          "validEndDate": 4102358400000
        },
        {
          "conceptId": 35204953,
          "conceptName": "Atrial fibrillation",
          "standardConcept": "C",
          "standardConceptCaption": "Classification",
          "invalidReason": "V",
          "invalidReasonCaption": "Valid",
          "conceptCode": "10003658",
          "domainId": "Condition",
          "vocabularyId": "MedDRA",
          "conceptClassId": "PT",
          "validStartDate": 0,
          "validEndDate": 4102358400000
        },
        {
          "conceptId": 1553754,
          "conceptName": "Permanent atrial fibrillation",
          "standardConcept": "N",
          "standardConceptCaption": "Non-Standard",
          "invalidReason": "V",
          "invalidReasonCaption": "Valid",
          "conceptCode": "I48.21",
          "domainId": "Condition",
          "vocabularyId": "ICD10CM",
          "conceptClassId": "5-char billing code",
          "validStartDate": 1577836800000,
          "validEndDate": 4102358400000
        },
        {
          "conceptId": 35207785,
          "conceptName": "Persistent atrial fibrillation",
          "standardConcept": "N",
          "standardConceptCaption": "Non-Standard",
          "invalidReason": "V",
          "invalidReasonCaption": "Valid",
          "conceptCode": "I48.1",
          "domainId": "Condition",
          "vocabularyId": "ICD10CM",
          "conceptClassId": "4-char nonbill code",
          "validStartDate": 1167609600000,
          "validEndDate": 4102358400000
        },
        {
          "conceptId": 4141360,
          "conceptName": "Chronic atrial fibrillation",
          "standardConcept": "S",
          "standardConceptCaption": "Standard",
          "invalidReason": "V",
          "invalidReasonCaption": "Valid",
          "conceptCode": "426749004",
          "domainId": "Condition",
          "vocabularyId": "SNOMED",
          "conceptClassId": "Disorder",
          "validStartDate": 1185840000000,
          "validEndDate": 4102358400000
        },
        {
          "conceptId": 3522813,
          "conceptName": "Non-rheumatic atrial fibrillation",
          "standardConcept": "N",
          "standardConceptCaption": "Non-Standard",
          "invalidReason": "U",
          "invalidReasonCaption": "Invalid",
          "conceptCode": "78591000000108",
          "domainId": "Observation",
          "vocabularyId": "SNOMED",
          "conceptClassId": "Undefined",
          "validStartDate": 1075507200000,
          "validEndDate": 1075507200000
        },
        {
          "conceptId": 4119601,
          "conceptName": "Lone atrial fibrillation",
          "standardConcept": "S",
          "standardConceptCaption": "Standard",
          "invalidReason": "V",
          "invalidReasonCaption": "Valid",
          "conceptCode": "233910005",
          "domainId": "Condition",
          "vocabularyId": "SNOMED",
          "conceptClassId": "Disorder",
          "validStartDate": 1012435200000,
          "validEndDate": 4102358400000
        },
        {
          "conceptId": 1553753,
          "conceptName": "Chronic atrial fibrillation, unspecified",
          "standardConcept": "N",
          "standardConceptCaption": "Non-Standard",
          "invalidReason": "V",
          "invalidReasonCaption": "Valid",
          "conceptCode": "I48.20",
          "domainId": "Condition",
          "vocabularyId": "ICD10CM",
          "conceptClassId": "5-char billing code",
          "validStartDate": 1577836800000,
          "validEndDate": 4102358400000
        },
        {
          "conceptId": 35226610,
          "conceptName": "Atrial fibrillation paroxysmal",
          "standardConcept": "C",
          "standardConceptCaption": "Classification",
          "invalidReason": "V",
          "invalidReasonCaption": "Valid",
          "conceptCode": "10003661",
          "domainId": "Condition",
          "vocabularyId": "MedDRA",
          "conceptClassId": "LLT",
          "validStartDate": 0,
          "validEndDate": 4102358400000
        },
        {
          "conceptId": 35226619,
          "conceptName": "Arrhythmia absoluta",
          "standardConcept": "C",
          "standardConceptCaption": "Classification",
          "invalidReason": "V",
          "invalidReasonCaption": "Valid",
          "conceptCode": "10059122",
          "domainId": "Condition",
          "vocabularyId": "MedDRA",
          "conceptClassId": "LLT",
          "validStartDate": 0,
          "validEndDate": 4102358400000
        },
        {
          "conceptId": 37395821,
          "conceptName": "Familial atrial fibrillation",
          "standardConcept": "S",
          "standardConceptCaption": "Standard",
          "invalidReason": "V",
          "invalidReasonCaption": "Valid",
          "conceptCode": "715395008",
          "domainId": "Condition",
          "vocabularyId": "SNOMED",
          "conceptClassId": "Disorder",
          "validStartDate": 1469923200000,
          "validEndDate": 4102358400000
        },
        {
          "conceptId": 3522946,
          "conceptName": "Non-rheumatic atrial fibrillation",
          "standardConcept": "N",
          "standardConceptCaption": "Non-Standard",
          "invalidReason": "U",
          "invalidReasonCaption": "Invalid",
          "conceptCode": "83371000000102",
          "domainId": "Observation",
          "vocabularyId": "SNOMED",
          "conceptClassId": "Undefined",
          "validStartDate": 1075507200000,
          "validEndDate": 1075507200000
        },
        {
          "conceptId": 4117112,
          "conceptName": "Controlled atrial fibrillation",
          "standardConcept": "S",
          "standardConceptCaption": "Standard",
          "invalidReason": "V",
          "invalidReasonCaption": "Valid",
          "conceptCode": "300996004",
          "domainId": "Condition",
          "vocabularyId": "SNOMED",
          "conceptClassId": "Disorder",
          "validStartDate": 1012435200000,
          "validEndDate": 4102358400000
        },
        {
          "conceptId": 35226615,
          "conceptName": "Fibrillation paroxysmal atrial",
          "standardConcept": "C",
          "standardConceptCaption": "Classification",
          "invalidReason": "V",
          "invalidReasonCaption": "Valid",
          "conceptCode": "10016570",
          "domainId": "Condition",
          "vocabularyId": "MedDRA",
          "conceptClassId": "LLT",
          "validStartDate": 0,
          "validEndDate": 4102358400000
        },
        {
          "conceptId": 35226608,
          "conceptName": "Atrial fibrillation aggravated",
          "standardConcept": "C",
          "standardConceptCaption": "Classification",
          "invalidReason": "V",
          "invalidReasonCaption": "Valid",
          "conceptCode": "10003659",
          "domainId": "Condition",
          "vocabularyId": "MedDRA",
          "conceptClassId": "LLT",
          "validStartDate": 0,
          "validEndDate": 4102358400000
        },
        {
          "conceptId": 35226620,
          "conceptName": "Chronic atrial fibrillation",
          "standardConcept": "C",
          "standardConceptCaption": "Classification",
          "invalidReason": "V",
          "invalidReasonCaption": "Valid",
          "conceptCode": "10066551",
          "domainId": "Condition",
          "vocabularyId": "MedDRA",
          "conceptClassId": "LLT",
          "validStartDate": 0,
          "validEndDate": 4102358400000
        },
        {
          "conceptId": 45591467,
          "conceptName": "Chronic atrial fibrillation",
          "standardConcept": "N",
          "standardConceptCaption": "Non-Standard",
          "invalidReason": "V",
          "invalidReasonCaption": "Valid",
          "conceptCode": "I48.2",
          "domainId": "Condition",
          "vocabularyId": "ICD10",
          "conceptClassId": "ICD10 code",
          "validStartDate": 1356998400000,
          "validEndDate": 4102358400000
        },
        {
          "conceptId": 45576876,
          "conceptName": "Unspecified atrial fibrillation",
          "standardConcept": "N",
          "standardConceptCaption": "Non-Standard",
          "invalidReason": "V",
          "invalidReasonCaption": "Valid",
          "conceptCode": "I48.91",
          "domainId": "Condition",
          "vocabularyId": "ICD10CM",
          "conceptClassId": "5-char billing code",
          "validStartDate": 1167436800000,
          "validEndDate": 4102358400000
        },
        {
          "conceptId": 35226617,
          "conceptName": "Paroxysmal atrial fibrillation",
          "standardConcept": "C",
          "standardConceptCaption": "Classification",
          "invalidReason": "V",
          "invalidReasonCaption": "Valid",
          "conceptCode": "10034039",
          "domainId": "Condition",
          "vocabularyId": "MedDRA",
          "conceptClassId": "LLT",
          "validStartDate": 0,
          "validEndDate": 4102358400000
        },
        {
          "conceptId": 1397858,
          "conceptName": "Chronic atrial fibrillation",
          "standardConcept": "N",
          "standardConceptCaption": "Non-Standard",
          "invalidReason": "V",
          "invalidReasonCaption": "Valid",
          "conceptCode": "G573700",
          "domainId": "Condition",
          "vocabularyId": "Read",
          "conceptClassId": "Read",
          "validStartDate": 1458259200000,
          "validEndDate": 4102358400000
        },
        {
          "conceptId": 45436751,
          "conceptName": "Permanent atrial fibrillation",
          "standardConcept": "N",
          "standardConceptCaption": "Non-Standard",
          "invalidReason": "V",
          "invalidReasonCaption": "Valid",
          "conceptCode": "G573400",
          "domainId": "Condition",
          "vocabularyId": "Read",
          "conceptClassId": "Read",
          "validStartDate": 0,
          "validEndDate": 4102358400000
        },
        {
          "conceptId": 42539346,
          "conceptName": "Preexcited atrial fibrillation",
          "standardConcept": "S",
          "standardConceptCaption": "Standard",
          "invalidReason": "V",
          "invalidReasonCaption": "Valid",
          "conceptCode": "762247006",
          "domainId": "Condition",
          "vocabularyId": "SNOMED",
          "conceptClassId": "Disorder",
          "validStartDate": 1517356800000,
          "validEndDate": 4102358400000
        },
        {
          "conceptId": 1553751,
          "conceptName": "Longstanding persistent atrial fibrillation",
          "standardConcept": "N",
          "standardConceptCaption": "Non-Standard",
          "invalidReason": "V",
          "invalidReasonCaption": "Valid",
          "conceptCode": "I48.11",
          "domainId": "Condition",
          "vocabularyId": "ICD10CM",
          "conceptClassId": "5-char billing code",
          "validStartDate": 1577836800000,
          "validEndDate": 4102358400000
        },
        {
          "conceptId": 313217,
          "conceptName": "Atrial fibrillation",
          "standardConcept": "S",
          "standardConceptCaption": "Standard",
          "invalidReason": "V",
          "invalidReasonCaption": "Valid",
          "conceptCode": "49436004",
          "domainId": "Condition",
          "vocabularyId": "SNOMED",
          "conceptClassId": "Disorder",
          "validStartDate": 1012435200000,
          "validEndDate": 4102358400000
        },
        {
          "conceptId": 4232697,
          "conceptName": "Persistent atrial fibrillation",
          "standardConcept": "S",
          "standardConceptCaption": "Standard",
          "invalidReason": "V",
          "invalidReasonCaption": "Valid",
          "conceptCode": "440059007",
          "domainId": "Condition",
          "vocabularyId": "SNOMED",
          "conceptClassId": "Disorder",
          "validStartDate": 1233360000000,
          "validEndDate": 4102358400000
        },
        {
          "conceptId": 4199501,
          "conceptName": "Rapid atrial fibrillation",
          "standardConcept": "S",
          "standardConceptCaption": "Standard",
          "invalidReason": "V",
          "invalidReasonCaption": "Valid",
          "conceptCode": "314208002",
          "domainId": "Condition",
          "vocabularyId": "SNOMED",
          "conceptClassId": "Disorder",
          "validStartDate": 1012435200000,
          "validEndDate": 4102358400000
        },
        {
          "conceptId": 3564783,
          "conceptName": "Persistent atrial fibrillation",
          "standardConcept": "N",
          "standardConceptCaption": "Non-Standard",
          "invalidReason": "U",
          "invalidReasonCaption": "Invalid",
          "conceptCode": "341561000000106",
          "domainId": "Condition",
          "vocabularyId": "SNOMED",
          "conceptClassId": "Disorder",
          "validStartDate": 1222819200000,
          "validEndDate": 1238544000000
        },
        {
          "conceptId": 3547903,
          "conceptName": "Chronic atrial fibrillation",
          "standardConcept": "N",
          "standardConceptCaption": "Non-Standard",
          "invalidReason": "U",
          "invalidReasonCaption": "Invalid",
          "conceptCode": "1032711000000108",
          "domainId": "Observation",
          "vocabularyId": "SNOMED",
          "conceptClassId": "Undefined",
          "validStartDate": 1459468800000,
          "validEndDate": 1459468800000
        },
        {
          "conceptId": 4119602,
          "conceptName": "Non-rheumatic atrial fibrillation",
          "standardConcept": "S",
          "standardConceptCaption": "Standard",
          "invalidReason": "V",
          "invalidReasonCaption": "Valid",
          "conceptCode": "233911009",
          "domainId": "Condition",
          "vocabularyId": "SNOMED",
          "conceptClassId": "Disorder",
          "validStartDate": 1012435200000,
          "validEndDate": 4102358400000
        },
        {
          "conceptId": 40392263,
          "conceptName": "Paroxysmal atrial fibrillation",
          "standardConcept": "N",
          "standardConceptCaption": "Non-Standard",
          "invalidReason": "U",
          "invalidReasonCaption": "Invalid",
          "conceptCode": "195081002",
          "domainId": "Condition",
          "vocabularyId": "SNOMED",
          "conceptClassId": "Disorder",
          "validStartDate": 1012435200000,
          "validEndDate": 1012435200000
        },
        {
          "conceptId": 45581776,
          "conceptName": "Paroxysmal atrial fibrillation",
          "standardConcept": "N",
          "standardConceptCaption": "Non-Standard",
          "invalidReason": "V",
          "invalidReasonCaption": "Valid",
          "conceptCode": "I48.0",
          "domainId": "Condition",
          "vocabularyId": "ICD10",
          "conceptClassId": "ICD10 code",
          "validStartDate": 1356998400000,
          "validEndDate": 4102358400000
        },
        {
          "conceptId": 35226613,
          "conceptName": "Fibrillation atrial",
          "standardConcept": "C",
          "standardConceptCaption": "Classification",
          "invalidReason": "V",
          "invalidReasonCaption": "Valid",
          "conceptCode": "10016566",
          "domainId": "Condition",
          "vocabularyId": "MedDRA",
          "conceptClassId": "LLT",
          "validStartDate": 0,
          "validEndDate": 4102358400000
        },
        {
          "conceptId": 37172212,
          "conceptName": "Paroxysmal atrial fibrillation due to heart valve disorder",
          "standardConcept": "S",
          "standardConceptCaption": "Standard",
          "invalidReason": "V",
          "invalidReasonCaption": "Valid",
          "conceptCode": "467643831000119105",
          "domainId": "Condition",
          "vocabularyId": "SNOMED",
          "conceptClassId": "Disorder",
          "validStartDate": 1688083200000,
          "validEndDate": 4102358400000
        },
        {
          "conceptId": 605092,
          "conceptName": "Paroxysmal atrial fibrillation with rapid ventricular response",
          "standardConcept": "S",
          "standardConceptCaption": "Standard",
          "invalidReason": "V",
          "invalidReasonCaption": "Valid",
          "conceptCode": "1010405004",
          "domainId": "Condition",
          "vocabularyId": "SNOMED",
          "conceptClassId": "Disorder",
          "validStartDate": 1612051200000,
          "validEndDate": 4102358400000
        },
        {
          "conceptId": 45548021,
          "conceptName": "Persistent atrial fibrillation",
          "standardConcept": "N",
          "standardConceptCaption": "Non-Standard",
          "invalidReason": "V",
          "invalidReasonCaption": "Valid",
          "conceptCode": "I48.1",
          "domainId": "Condition",
          "vocabularyId": "ICD10",
          "conceptClassId": "ICD10 code",
          "validStartDate": 1356998400000,
          "validEndDate": 4102358400000
        },
        {
          "conceptId": 42890784,
          "conceptName": "Persistent atrial fibrillation",
          "standardConcept": "C",
          "standardConceptCaption": "Classification",
          "invalidReason": "V",
          "invalidReasonCaption": "Valid",
          "conceptCode": "10071667",
          "domainId": "Condition",
          "vocabularyId": "MedDRA",
          "conceptClassId": "LLT",
          "validStartDate": 1348704000000,
          "validEndDate": 4102358400000
        },
        {
          "conceptId": 45523387,
          "conceptName": "Non-rheumatic atrial fibrillation",
          "standardConcept": "N",
          "standardConceptCaption": "Non-Standard",
          "invalidReason": "V",
          "invalidReasonCaption": "Valid",
          "conceptCode": "G573300",
          "domainId": "Condition",
          "vocabularyId": "Read",
          "conceptClassId": "Read",
          "validStartDate": 0,
          "validEndDate": 4102358400000
        },
        {
          "conceptId": 1340258,
          "conceptName": "Exacerbation of atrial fibrillation",
          "standardConcept": "S",
          "standardConceptCaption": "Standard",
          "invalidReason": "V",
          "invalidReasonCaption": "Valid",
          "conceptCode": "OMOP5165913",
          "domainId": "Condition",
          "vocabularyId": "OMOP Extension",
          "conceptClassId": "Disorder",
          "validStartDate": 1651795200000,
          "validEndDate": 4102358400000
        },
        {
          "conceptId": 44821957,
          "conceptName": "Atrial fibrillation",
          "standardConcept": "N",
          "standardConceptCaption": "Non-Standard",
          "invalidReason": "V",
          "invalidReasonCaption": "Valid",
          "conceptCode": "427.31",
          "domainId": "Condition",
          "vocabularyId": "ICD9CM",
          "conceptClassId": "5-dig billing code",
          "validStartDate": 0,
          "validEndDate": 4102358400000
        },
        {
          "conceptId": 37171038,
          "conceptName": "Atrial fibrillation due to heart valve disorder",
          "standardConcept": "S",
          "standardConceptCaption": "Standard",
          "invalidReason": "V",
          "invalidReasonCaption": "Valid",
          "conceptCode": "313377641000119105",
          "domainId": "Condition",
          "vocabularyId": "SNOMED",
          "conceptClassId": "Disorder",
          "validStartDate": 1688083200000,
          "validEndDate": 4102358400000
        },
        {
          "conceptId": 44782442,
          "conceptName": "Atrial fibrillation with rapid ventricular response",
          "standardConcept": "S",
          "standardConceptCaption": "Standard",
          "invalidReason": "V",
          "invalidReasonCaption": "Valid",
          "conceptCode": "120041000119109",
          "domainId": "Condition",
          "vocabularyId": "SNOMED",
          "conceptClassId": "Disorder",
          "validStartDate": 1391126400000,
          "validEndDate": 4102358400000
        },
        {
          "conceptId": 35226618,
          "conceptName": "Atrial fibrillation with rapid ventricular response",
          "standardConcept": "C",
          "standardConceptCaption": "Classification",
          "invalidReason": "V",
          "invalidReasonCaption": "Valid",
          "conceptCode": "10058331",
          "domainId": "Condition",
          "vocabularyId": "MedDRA",
          "conceptClassId": "LLT",
          "validStartDate": 0,
          "validEndDate": 4102358400000
        },
        {
          "conceptId": 3567742,
          "conceptName": "Permanent atrial fibrillation",
          "standardConcept": "N",
          "standardConceptCaption": "Non-Standard",
          "invalidReason": "U",
          "invalidReasonCaption": "Invalid",
          "conceptCode": "341571000000104",
          "domainId": "Condition",
          "vocabularyId": "SNOMED",
          "conceptClassId": "Disorder",
          "validStartDate": 1222819200000,
          "validEndDate": 1238544000000
        },
        {
          "conceptId": 4154290,
          "conceptName": "Paroxysmal atrial fibrillation",
          "standardConcept": "S",
          "standardConceptCaption": "Standard",
          "invalidReason": "V",
          "invalidReasonCaption": "Valid",
          "conceptCode": "282825002",
          "domainId": "Condition",
          "vocabularyId": "SNOMED",
          "conceptClassId": "Disorder",
          "validStartDate": 1012435200000,
          "validEndDate": 4102358400000
        }
      ]
    }
  ]
}
