cohort_id,section,content,provenance_agent,provenance_source,provenance_timestamp
10616,"disease_definition","Crohn's disease (CD) is an idiopathic inflammatory bowel disease that can affect any portion of the intestinal tract with focal, asymmetric, transmural, and granulomatous inflammation.","PhenotypeIngestionAgent","PhenotypeLibrary","2024-03-19T00:00:00Z"
10616,"pathological_characteristics","Crohn's disease is characterized by chronic inflammation that may extend through all layers of the intestinal wall, involving the mesentery and regional lymph nodes. Intestinal involvement is discontinuous; 'skip areas' of apparently normal tissue separate severely involved segments.","PhenotypeIngestionAgent","PhenotypeLibrary","2024-03-19T00:00:00Z"
10616,"epidemiology_incidence","Reported incidence varies geographically, ranging from 0-20.02 cases per 100,000 person-years in North America and 0.3-12.7 cases per 100,000 in Europe.","PhenotypeIngestionAgent","PhenotypeLibrary","2024-03-19T00:00:00Z"
10616,"epidemiology_prevalence","Reported prevalence is highest in Europe (322 cases per 100,000 persons in Germany) and North America (319 cases per 100,000 persons in Canada).","PhenotypeIngestionAgent","PhenotypeLibrary","2024-03-19T00:00:00Z"
10616,"risk_factors","Risk factors include smoking, diet, and genetic factors.","PhenotypeIngestionAgent","PhenotypeLibrary","2024-03-19T00:00:00Z" 